"country","iso2c","iso3c","year","arrivals","gdp_pc","gdp_growth","reer","population"
"Argentina","AR","ARG",1995,2289000,9934.10776139515,-2.84520961057079,NA,35070020
"Argentina","AR","ARG",1996,2614000,10352.1400002191,5.52668982715234,NA,35513793
"Argentina","AR","ARG",1997,2764000,11056.6881331002,8.1110467707457,NA,35947791
"Argentina","AR","ARG",1998,3012000,11348.2022124673,3.85017885156228,NA,36372860
"Argentina","AR","ARG",1999,2898000,10838.3199346387,-3.38545704063269,NA,36794682
"Argentina","AR","ARG",2000,2909000,10631.6503639029,-0.78899893905691,NA,37213984
"Argentina","AR","ARG",2001,2620000,10051.9448463043,-4.40883968258557,NA,37624825
"Argentina","AR","ARG",2002,2820000,8861.56199282278,-10.8944848285903,NA,38029349
"Argentina","AR","ARG",2003,2995000,9545.53194119994,8.83704079576924,NA,38424282
"Argentina","AR","ARG",2004,3457000,10302.4465316428,9.02957330068152,NA,38815916
"Argentina","AR","ARG",2005,3823000,11099.7509190602,8.85165992013437,NA,39216789
"Argentina","AR","ARG",2006,4173000,11870.2791559298,8.04715150043027,NA,39622115
"Argentina","AR","ARG",2007,4562000,12811.9021206578,9.00765087504757,NA,40016763
"Argentina","AR","ARG",2008,4700000,13197.3570267029,4.05723310346406,NA,40424148
"Argentina","AR","ARG",2009,4308000,12285.3784651865,-5.91852507634947,NA,40854831
"Argentina","AR","ARG",2010,6800000,13387.1553748458,10.1253981561002,NA,41288694
"Argentina","AR","ARG",2011,6703000,14040.6189124444,6.00395169280579,NA,41730660
"Argentina","AR","ARG",2012,6497000,13754.4254235596,-1.0264204544321,NA,42161721
"Argentina","AR","ARG",2013,6510000,13946.0950832252,2.40532378079436,NA,42582455
"Argentina","AR","ARG",2014,7165000,13456.1319159151,-2.51261532081394,NA,43024071
"Argentina","AR","ARG",2015,6816000,13679.6264980954,2.73115982828944,NA,43477012
"Argentina","AR","ARG",2016,6668000,13265.8860639123,-2.08032784377811,NA,43900313
"Argentina","AR","ARG",2017,6711000,13520.1129846159,2.81850297775918,NA,44288894
"Argentina","AR","ARG",2018,6942000,13058.3285449954,-2.61739646282038,NA,44654882
"Argentina","AR","ARG",2019,7399000,12706.3978108968,-2.00086100285785,NA,44973465
"Argentina","AR","ARG",2020,NA,11393.0505957877,-9.9004848136464,NA,45191965
"Australia","AU","AUS",1995,3726000,39407.5647528439,3.89017188961647,73.5284464149082,18004882
"Australia","AU","AUS",1996,4165000,40437.0941864857,3.86567479160071,80.3813656800586,18224767
"Australia","AU","AUS",1997,4318000,41569.1653679391,3.91795814771731,79.9674105183691,18423037
"Australia","AU","AUS",1998,4167000,43081.7201718179,4.67681373479508,73.256820103094,18607584
"Australia","AU","AUS",1999,4459000,44755.6599721318,5.02822035850596,73.5098171800325,18812264
"Australia","AU","AUS",2000,4931000,45979.0765654048,3.9160574881715,70.4442304396678,19028802
"Australia","AU","AUS",2001,4856000,46314.6235297968,2.03145880248898,67.5695648527208,19274701
"Australia","AU","AUS",2002,4841000,47599.4079289312,3.94980535772942,70.8600890877811,19495210
"Australia","AU","AUS",2003,4746000,48509.6632180363,3.0912800997751,79.3713139078405,19720737
"Australia","AU","AUS",2004,5215000,50018.5904483861,4.21894147547516,85.4220455748204,19932722
"Australia","AU","AUS",2005,5499000,50972.640519744,3.15548121323168,87.9653029435395,20176844
"Australia","AU","AUS",2006,5532000,51682.8925230537,2.7709261737475,87.239874588495,20450966
"Australia","AU","AUS",2007,5644000,52671.325846724,3.78947119882653,92.3333470254777,20827622
"Australia","AU","AUS",2008,5586000,53497.275355342,3.62398503565633,90.3741744859522,21249199
"Australia","AU","AUS",2009,5490000,53430.5274781651,1.95484826298522,87.5934334377878,21691653
"Australia","AU","AUS",2010,5790000,53768.349733441,2.21004795300735,100,22031750
"Australia","AU","AUS",2011,5771000,54296.2321324814,2.39473494330615,106.963712401072,22340024
"Australia","AU","AUS",2012,6032000,55465.4462872577,3.95247138119184,109.023245858131,22733465
"Australia","AU","AUS",2013,6482000,55966.1509270561,2.65445302592404,103.475469214371,23128129
"Australia","AU","AUS",2014,6922000,56571.8062524437,2.60118978187332,98.340757109951,23475686
"Australia","AU","AUS",2015,7449000,56970.3613028094,2.16434780647852,89.8198980719344,23815995
"Australia","AU","AUS",2016,8269000,57632.9995925594,2.75564065529868,91.0016939062488,24190907
"Australia","AU","AUS",2017,8815000,57991.771347333,2.29331030192918,93.7821941909945,24592588
"Australia","AU","AUS",2018,9246000,58772.7063152213,2.87417039499501,89.9642679697642,24963258
"Australia","AU","AUS",2019,9466000,59181.2997904131,2.19401703622717,86.0251557438463,25334826
"Australia","AU","AUS",2020,1828000,58377.7670517802,-0.133531904304775,85.3255473928114,25649248
"Belgium","BE","BEL",1995,5560000,31508.622663522,2.38475724870135,107.875359741307,10136811
"Belgium","BE","BEL",1996,5829000,31862.6693868132,1.32143214432601,105.113889634228,10156637
"Belgium","BE","BEL",1997,6037000,32991.5010116146,3.79367165541437,98.8273862895095,10181245
"Belgium","BE","BEL",1998,6179000,33566.9875919507,1.96183240455609,98.6411461211524,10203008
"Belgium","BE","BEL",1999,6369000,34676.6051555263,3.54271798823922,96.9185318360067,10226419
"Belgium","BE","BEL",2000,6457000,35878.3153586195,3.71670510672588,92.9308453627999,10251250
"Belgium","BE","BEL",2001,6452000,36148.2880924306,1.09960362419645,93.5454283690263,10286570
"Belgium","BE","BEL",2002,6720000,36600.862592332,1.70689430349601,95.0253297816913,10332785
"Belgium","BE","BEL",2003,6690000,36826.2699296094,1.03795518162204,99.6142864324814,10376133
"Belgium","BE","BEL",2004,6710000,37976.6972967442,3.57120671942319,101.176412232359,10421137
"Belgium","BE","BEL",2005,6747000,38645.2605193362,2.32173792911834,100.943518811919,10478617
"Belgium","BE","BEL",2006,6995000,39371.0858277448,2.55234087322462,100.496867245964,10547958
"Belgium","BE","BEL",2007,7045000,40520.0843207009,3.67692462515802,101.320651328433,10625700
"Belgium","BE","BEL",2008,7165000,40380.9075004042,0.446905130727231,104.028154049015,10709973
"Belgium","BE","BEL",2009,6815000,39293.637546825,-1.90644105515335,104.090298058862,10796493
"Belgium","BE","BEL",2010,7186000,39991.5646206286,2.71031150254662,100,10895586
"Belgium","BE","BEL",2011,7494000,40236.9596308558,1.93115502411325,100.810710613095,11038264
"Belgium","BE","BEL",2012,7560000,40074.492800399,0.215803612089744,98.5761049474957,11106932
"Belgium","BE","BEL",2013,7684000,40007.8997891411,0.305494549070232,100.247070047685,11159407
"Belgium","BE","BEL",2014,7887000,40533.9135027898,1.76554038149924,99.9605398158668,11209057
"Belgium","BE","BEL",2015,8355000,40893.804537772,1.47416433731927,94.4911167920675,11274196
"Belgium","BE","BEL",2016,7481000,41172.8862831209,1.19350273007754,97.3924267094727,11331422
"Belgium","BE","BEL",2017,8385000,41619.328629169,1.47446761556785,98.8499165936307,11375158
"Belgium","BE","BEL",2018,9119000,42208.3625650272,1.87796847383565,101.234011004973,11427054
"Belgium","BE","BEL",2019,9343000,43006.4042308863,2.4428900448156,99.7456278375366,11488980
"Belgium","BE","BEL",2020,2584000,40769.0218072962,-4.7929839083518,101.153772268175,11538604
"Brazil","BR","BRA",1995,1991000,6596.33572674819,4.22379363350413,101.401124167294,161735073
"Brazil","BR","BRA",1996,2666000,6640.7270065575,2.20886405039022,106.990181505154,164202549
"Brazil","BR","BRA",1997,2850000,6764.85842091319,3.39484598630671,109.759653793195,166661659
"Brazil","BR","BRA",1998,4818000,6687.49523550242,0.338097901207306,106.682456811169,169159655
"Brazil","BR","BRA",1999,5107000,6621.63676249539,0.467937566477133,70.9203564026795,171641543
"Brazil","BR","BRA",2000,5313000,6817.784240857,4.38794944745618,76.471194728176,174018282
"Brazil","BR","BRA",2001,4773000,6823.03396999891,1.38989640095637,63.8603375542606,176301203
"Brazil","BR","BRA",2002,3785000,6944.62337495755,3.05346185909312,60.8583573972029,178503484
"Brazil","BR","BRA",2003,4133000,6941.4404574508,1.14082899824888,57.5340970546667,180622688
"Brazil","BR","BRA",2004,4794000,7258.78185165912,5.75996463670954,60.3778141016967,182675143
"Brazil","BR","BRA",2005,5358000,7409.56913232718,3.20213206130431,73.3897461052788,184688101
"Brazil","BR","BRA",2006,5017000,7622.04007133264,3.96198871122617,81.618138895545,186653106
"Brazil","BR","BRA",2007,5026000,8003.25413096047,6.06987060678338,87.3657523365074,188552320
"Brazil","BR","BRA",2008,5050000,8330.76459841304,5.09419544658736,90.2626058143234,190367302
"Brazil","BR","BRA",2009,4802000,8246.09706995094,-0.125812002161169,89.0549167411935,192079951
"Brazil","BR","BRA",2010,5161000,8792.63436120342,7.52822581815364,100,193701929
"Brazil","BR","BRA",2011,5433000,9067.99316348047,3.97442307944702,103.263412273369,195284734
"Brazil","BR","BRA",2012,5677000,9167.49923929815,1.92117598576537,92.0828189946997,196876111
"Brazil","BR","BRA",2013,5813000,9366.73932434359,3.00482266944432,86.4313420764548,198478299
"Brazil","BR","BRA",2014,6430000,9338.34278278114,0.503955740242247,84.5613984914532,200085127
"Brazil","BR","BRA",2015,6306000,8936.19661712113,-3.54576339269425,69.492635070731,201675532
"Brazil","BR","BRA",2016,6547000,8577.84376650911,-3.27591690782192,73.1288322724346,203218114
"Brazil","BR","BRA",2017,6589000,8628.25308908043,1.32286905404399,79.6270434747115,204703445
"Brazil","BR","BRA",2018,6621000,8722.33630317935,1.783666761634,71.3080631265347,206107261
"Brazil","BR","BRA",2019,6353000,8771.44051292177,1.22077782360842,69.8695740174592,207455459
"Brazil","BR","BRA",2020,NA,8435.01143254978,-3.2767587964736,55.4728544866795,208660842
"Canada","CA","CAN",1995,41657000,32595.4842690909,2.68232826962129,80.735772175889,29302311
"Canada","CA","CAN",1996,43256000,32801.3348171586,1.68896122145787,81.5739792163179,29610218
"Canada","CA","CAN",1997,45076000,33867.0419274091,4.28016680422402,80.7906891111161,29905948
"Canada","CA","CAN",1998,48064000,34894.6484928404,3.89288658501088,76.0945248467904,30155173
"Canada","CA","CAN",1999,49055000,36391.5718964607,5.14100348449622,75.1692605460693,30401286
"Canada","CA","CAN",2000,48638000,37906.89821012,5.13853918994158,75.5375671441967,30685730
"Canada","CA","CAN",2001,47147000,38200.4945025395,1.87509813099847,73.3186610659997,31020855
"Canada","CA","CAN",2002,44896000,38921.7064054514,2.99925533832644,72.6783556407601,31359199
"Canada","CA","CAN",2003,38903000,39270.0629084669,1.8063851195103,80.8569761813142,31642461
"Canada","CA","CAN",2004,38845000,40108.7990262916,3.09236381038156,85.3157705145083,31938807
"Canada","CA","CAN",2005,36160000,41006.264144024,3.21045441502793,90.4199008903329,32242732
"Canada","CA","CAN",2006,33390000,41663.5541588166,2.63794375302722,95.4030342575784,32571193
"Canada","CA","CAN",2007,30373000,42106.9147186165,2.04990459443619,98.5148994437694,32888886
"Canada","CA","CAN",2008,27370000,42067.610977795,0.995406371264522,95.9081050493268,33247298
"Canada","CA","CAN",2009,24696000,40376.4559330928,-2.91508627059555,91.4748093439814,33630069
"Canada","CA","CAN",2010,25621000,41164.3812486578,3.09080633744851,100,34005902
"Canada","CA","CAN",2011,25066000,42043.6842044008,3.1371944343876,101.641884975139,34339221
"Canada","CA","CAN",2012,25318000,42320.6856530018,1.75566133205234,101.162300785218,34713395
"Canada","CA","CAN",2013,25167000,42851.2135876232,2.32581356612762,97.5416806900049,35080992
"Canada","CA","CAN",2014,25558000,43643.2794910996,2.87346675579731,91.5171680081929,35434066
"Canada","CA","CAN",2015,27555000,43594.2379080706,0.64997101491096,83.1854465963242,35704498
"Canada","CA","CAN",2016,30142000,43551.3863558236,1.03855091989323,81.6296738840544,36110803
"Canada","CA","CAN",2017,31081000,44339.4332217878,3.03383491841392,82.861841086802,36545075
"Canada","CA","CAN",2018,31274000,44907.3887994469,2.74296341402246,82.3403764892998,37072620
"Canada","CA","CAN",2019,32430000,45100.336805859,1.90843193887251,81.5961581645571,37618495
"Canada","CA","CAN",2020,NA,42366.1710935265,-5.03823342794087,80.7213249987492,38028638
"China","CN","CHN",1995,46387000,1545.07897848105,11.0154136659719,78.2290580274682,1204855000
"China","CN","CHN",1996,51128000,1681.45741269443,9.97328781228394,86.032319706827,1217550000
"China","CN","CHN",1997,57588000,1819.07954081306,9.29759460595947,92.6406700425545,1230075000
"China","CN","CHN",1998,63478000,1944.46718626424,7.92354535108497,97.4851225700367,1241935000
"China","CN","CHN",1999,72796000,2076.93180259914,7.74123827728161,92.1826549329255,1252735000
"China","CN","CHN",2000,83444000,2237.30047918692,8.57357328926101,92.1675736605722,1262645000
"China","CN","CHN",2001,89013000,2405.99411858042,8.32404695347056,96.0971795361352,1271850000
"China","CN","CHN",2002,97908000,2610.66275070444,9.23604870383861,93.9941539602139,1280400000
"China","CN","CHN",2003,91662000,2856.85053293219,10.1138119025242,88.0205028997858,1288400000
"China","CN","CHN",2004,109038000,3127.91444892337,10.1404291872206,85.6048425446005,1296075000
"China","CN","CHN",2005,120292000,3465.72767067642,11.4535130030645,84.7065714848337,1303720000
"China","CN","CHN",2006,124942000,3883.27464370816,12.6752842281595,86.0337830716584,1311020000
"China","CN","CHN",2007,131873000,4409.69709445986,14.1507710506103,89.1885550423734,1317885000
"China","CN","CHN",2008,130027000,4811.34486346262,9.66877608164454,96.8298184002403,1324655000
"China","CN","CHN",2009,126476000,5237.78809982377,9.40610014336416,100.883213666495,1331260000
"China","CN","CHN",2010,133762000,5764.65012366375,10.5916903885704,100,1337705000
"China","CN","CHN",2011,135423000,6275.71634288814,9.46205248298186,102.840824169933,1345035000
"China","CN","CHN",2012,132405000,6723.09003744607,7.8578201481217,108.887002336216,1354190000
"China","CN","CHN",2013,129078000,7197.937319496,7.77842954757257,114.810440938741,1363240000
"China","CN","CHN",2014,128499000,7686.37369520403,7.46100735778161,118.434932696757,1371860000
"China","CN","CHN",2015,133820000,8175.33285077393,6.98162255562367,129.95720059254,1379860000
"China","CN","CHN",2016,141774000,8679.22528805041,6.7736886867727,123.799021613572,1387790000
"China","CN","CHN",2017,153260000,9221.35045639842,6.89123916636191,120.208002000555,1396215000
"China","CN","CHN",2018,158606000,9798.57890566402,6.757806142324,121.679585572893,1402760000
"China","CN","CHN",2019,162538000,10356.2924890582,6.06737806333672,120.957398898817,1407745000
"China","CN","CHN",2020,30402000,10573.3794064211,2.33950385203023,123.407684762158,1411100000
"Colombia","CO","COL",1995,1433000,4189.72770913999,5.20243759278655,93.7038546515193,35804662
"Colombia","CO","COL",1996,751000,4198.69126252708,2.05585471287195,99.2930721740912,36462745
"Colombia","CO","COL",1997,758000,4265.6935185646,3.43029367788374,105.553551014914,37121149
"Colombia","CO","COL",1998,823000,4213.82800470051,0.569784088434517,99.0791916584765,37792165
"Colombia","CO","COL",1999,725000,3967.11339937681,-4.20401524244947,89.8980421160288,38454863
"Colombia","CO","COL",2000,707000,4016.80951748167,2.92486148176778,81.4364484355194,39089934
"Colombia","CO","COL",2001,788000,4020.50789754842,1.67789830787579,78.878695422822,39709262
"Colombia","CO","COL",2002,661000,4058.28493578738,2.50398046659659,78.6747877803794,40324680
"Colombia","CO","COL",2003,668000,4154.17528523618,3.91827190322513,68.9650406758706,40937429
"Colombia","CO","COL",2004,840000,4311.91591255233,5.33302206759905,75.2178301529319,41543171
"Colombia","CO","COL",2005,981000,4457.27537460443,4.82876110773741,84.7905451069684,42128977
"Colombia","CO","COL",2006,2096000,4694.03442939175,6.71686869844402,83.0919639077675,42691084
"Colombia","CO","COL",2007,2381000,4947.25260813108,6.73819469090975,92.3298902218371,43235374
"Colombia","CO","COL",2008,2545000,5048.57187245249,3.28344618616541,95.4401848507895,43758808
"Colombia","CO","COL",2009,2649000,5046.97121757727,1.13964864548062,90.4451219514915,44271541
"Colombia","CO","COL",2010,1701000,5214.24547620131,4.49465897070922,100,44777319
"Colombia","CO","COL",2011,2356000,5517.1011086899,6.94789198173555,100.15442202318,45259614
"Colombia","CO","COL",2012,2434000,5675.75617978305,3.91263576716115,105.294488486749,45715810
"Colombia","CO","COL",2013,2595000,5910.80592301166,5.13399351995672,101.336848071647,46151584
"Colombia","CO","COL",2014,2866000,6121.83982019825,4.49903000110972,95.8824916988478,46565429
"Colombia","CO","COL",2015,3371000,6248.51490534512,2.95590137527523,77.5816625839066,46969940
"Colombia","CO","COL",2016,3675000,6316.07067782542,2.08738250162794,74.1852176214273,47437512
"Colombia","CO","COL",2017,4056000,6309.67745292518,1.35936086788746,77.4219364069865,48131078
"Colombia","CO","COL",2018,4397000,6353.5464285392,2.56432428277704,78.2751092135168,49024465
"Colombia","CO","COL",2019,4531000,6439.96359812647,3.18685539245533,75.7484181313814,49907985
"Colombia","CO","COL",2020,1396000,5891.95523215403,-7.18591413760859,72.5549501557842,50629997
"Egypt, Arab Rep.","EG","EGY",1995,3133000,2074.83991140246,4.64245877240639,NA,65652622
"Egypt, Arab Rep.","EG","EGY",1996,3896000,2133.64804177244,4.98873056512208,NA,67028048
"Egypt, Arab Rep.","EG","EGY",1997,3961000,2204.66575942446,5.49235474302942,NA,68431740
"Egypt, Arab Rep.","EG","EGY",1998,3454000,2277.2850483467,5.575497460986,NA,69943294
"Egypt, Arab Rep.","EG","EGY",1999,4797000,2361.86425101369,6.05343878467555,NA,71520954
"Egypt, Arab Rep.","EG","EGY",2000,5506000,2458.60835003154,6.37000382991766,NA,73083284
"Egypt, Arab Rep.","EG","EGY",2001,4648000,2492.03441188861,3.53525197391507,NA,74652029
"Egypt, Arab Rep.","EG","EGY",2002,5192000,2498.4812119434,2.39020402675627,NA,76239137
"Egypt, Arab Rep.","EG","EGY",2003,6044000,2524.80477195753,3.19345473756772,NA,77853548
"Egypt, Arab Rep.","EG","EGY",2004,8104000,2574.42341789647,4.09207161019908,NA,79477443
"Egypt, Arab Rep.","EG","EGY",2005,8608000,2635.70305226634,4.4717444710621,NA,81101004
"Egypt, Arab Rep.","EG","EGY",2006,9083000,2761.62410768311,6.84383819369884,NA,82700403
"Egypt, Arab Rep.","EG","EGY",2007,11091000,2902.06559803259,7.08782742675582,NA,84276225
"Egypt, Arab Rep.","EG","EGY",2008,12835000,3052.2129784594,7.15628356711522,NA,85864789
"Egypt, Arab Rep.","EG","EGY",2009,12536000,3135.09661305712,4.67359980000663,NA,87501636
"Egypt, Arab Rep.","EG","EGY",2010,14731000,3233.84521249306,5.14723485746742,NA,89196072
"Egypt, Arab Rep.","EG","EGY",2011,9845000,3222.37650111397,1.76457194806041,NA,91093059
"Egypt, Arab Rep.","EG","EGY",2012,11532000,3220.99194201188,2.22619979818487,NA,93161001
"Egypt, Arab Rep.","EG","EGY",2013,9464000,3216.37839024454,2.18546605363386,NA,95333553
"Egypt, Arab Rep.","EG","EGY",2014,9878000,3235.66246235519,2.91591188052836,NA,97528654
"Egypt, Arab Rep.","EG","EGY",2015,9328000,3306.98159414141,4.37201907781687,NA,99597342
"Egypt, Arab Rep.","EG","EGY",2016,5399000,3381.22246307712,4.34664345601914,NA,101644589
"Egypt, Arab Rep.","EG","EGY",2017,8292000,3452.90961245976,4.18122099961562,NA,103696057
"Egypt, Arab Rep.","EG","EGY",2018,11346000,3568.63966286365,5.33110861887155,NA,105682094
"Egypt, Arab Rep.","EG","EGY",2019,13026000,3701.2446344954,5.55209307084222,NA,107553158
"Egypt, Arab Rep.","EG","EGY",2020,NA,3770.86947868544,3.55016483883115,NA,109315124
"France","FR","FRA",1995,NA,29379.6158424052,2.30479278392259,111.040205834177,59541294
"France","FR","FRA",1996,148263000,29683.7786067651,1.39707987198881,110.512092498015,59754504
"France","FR","FRA",1997,157551000,30325.522871824,2.5270616339357,105.138127148302,59968066
"France","FR","FRA",1998,NA,31256.5073830655,3.45259434279616,105.510263957946,60190684
"France","FR","FRA",1999,NA,32152.7207478734,3.39930808809441,102.428888847299,60501986
"France","FR","FRA",2000,NA,33255.1379642335,4.14099996402915,96.9961651430906,60918661
"France","FR","FRA",2001,NA,33640.6738002565,1.89946701186636,96.6858746894062,61364377
"France","FR","FRA",2002,NA,33753.5782979758,1.06775027069419,98.2893360785615,61812142
"France","FR","FRA",2003,NA,33840.6175720101,0.967827182558352,103.66787166818,62249855
"France","FR","FRA",2004,190282000,34557.1471111581,2.86825052501032,105.413755773844,62707588
"France","FR","FRA",2005,185829000,34946.0372494703,1.88856584109286,103.924265562568,63180854
"France","FR","FRA",2006,193882000,35645.4162427116,2.71406448755236,103.244750099666,63622342
"France","FR","FRA",2007,193319000,36322.1685141004,2.53048188351066,103.784420394046,64016890
"France","FR","FRA",2008,193571000,36257.3658930938,0.380171435849121,104.373799891058,64375116
"France","FR","FRA",2009,192369000,35052.8510772683,-2.82455153714783,104.416829262384,64706436
"France","FR","FRA",2010,189826000,35578.1968010183,2.00032476039051,100,65026211
"France","FR","FRA",2011,196595000,36269.9561530888,2.43757653729007,99.263168349455,65340830
"France","FR","FRA",2012,197522000,36161.2918253465,0.183835264973013,96.0952165762919,65657659
"France","FR","FRA",2013,204410000,36256.086680981,0.781756446231,97.3727480526189,65997932
"France","FR","FRA",2014,206599000,36444.3949089146,0.997832947295251,97.3564683336898,66312067
"France","FR","FRA",2015,203302000,36702.4323733379,1.06675474783462,92.031764080037,66548272
"France","FR","FRA",2016,203042000,36920.5342846914,0.860031075424033,93.0077153016663,66724104
"France","FR","FRA",2017,207274000,37580.5979329356,2.08361485997399,93.5006232145984,66918020
"France","FR","FRA",2018,211998000,38062.4435961412,1.64590872395887,95.5502149924322,67158348
"France","FR","FRA",2019,217877000,38705.2072940618,2.02744646419237,93.8558393193389,67382061
"France","FR","FRA",2020,117109000,35709.2045925926,-7.44064589948231,94.8959862011926,67601110
"Germany","DE","DEU",1995,14847000,32007.145402934,1.50499384201356,121.152800276608,81678051
"Germany","DE","DEU",1996,15205000,32245.8608379557,1.0378755674358,116.736431183061,81914831
"Germany","DE","DEU",1997,15837000,32795.7833455165,1.85432238398302,110.114222219004,82034771
"Germany","DE","DEU",1998,16511000,33477.9856458764,2.09561231172233,110.290983608275,82047195
"Germany","DE","DEU",1999,17116000,34168.8308210083,2.12957016297766,106.817660673489,82100243
"Germany","DE","DEU",2000,18983000,35104.1308467844,2.8765231247659,99.6117427408472,82211508
"Germany","DE","DEU",2001,17861000,35618.5143698493,1.63614170690956,99.6364464939522,82349925
"Germany","DE","DEU",2002,17969000,35477.5151544301,-0.228255715793637,100.693371864789,82488495
"Germany","DE","DEU",2003,18399000,35270.0227284267,-0.529801394291297,106.05682417872,82534176
"Germany","DE","DEU",2004,20137000,35687.6378708542,1.16208684507278,107.52437590067,82516260
"Germany","DE","DEU",2005,21500000,36024.0947047021,0.885485292551564,105.113273412166,82469422
"Germany","DE","DEU",2006,23569000,37459.261328042,3.86668241523209,104.141922440445,82376451
"Germany","DE","DEU",2007,24421000,38593.0749910508,2.8891174138025,105.676481951507,82266372
"Germany","DE","DEU",2008,24884000,39009.8477636357,0.887902330743628,105.760381053813,82110097
"Germany","DE","DEU",2009,24220000,36940.4078672661,-5.54455451920674,106.338837043081,81902307
"Germany","DE","DEU",2010,26875000,38526.7371042695,4.13463778522758,99.9999999999999,81776930
"Germany","DE","DEU",2011,28374000,40722.4849268242,3.75796884489337,98.9534912058027,80274983
"Germany","DE","DEU",2012,30411000,40834.5088218456,0.463512036709204,95.3246001905894,80425823
"Germany","DE","DEU",2013,31545000,40884.8926759028,0.396995583779145,97.6467189010118,80645605
"Germany","DE","DEU",2014,32999000,41602.4661281668,2.18018602168017,98.2748265738675,80982500
"Germany","DE","DEU",2015,34970000,41929.7549110722,1.66300602334775,92.4708405590837,81686611
"Germany","DE","DEU",2016,35555000,42516.9337063103,2.22222216259371,94.0630173746557,82348669
"Germany","DE","DEU",2017,37452000,43543.4807050551,2.797906720551,94.8952199262048,82657002
"Germany","DE","DEU",2018,38881000,43905.8550061973,1.13569604599849,97.013263901937,82905782
"Germany","DE","DEU",2019,39563000,44235.2658954682,0.977734697038784,95.4134918324131,83092962
"Germany","DE","DEU",2020,12449000,42372.8726784255,-4.13191443239947,96.2889493399605,83160871
"Greece","GR","GRC",1995,10712000,15857.4161930856,2.09971953235275,90.4687254850442,10562153
"Greece","GR","GRC",1996,9782000,16005.9511569711,1.38247057325857,94.4214994750667,10608800
"Greece","GR","GRC",1997,10588000,16501.0316491318,3.60288326516122,94.1163652764689,10661259
"Greece","GR","GRC",1998,11364000,16973.8293714071,3.43693579661333,91.4500161465127,10720509
"Greece","GR","GRC",1999,12606000,17358.4346978294,2.65878562321184,91.4269193893441,10761698
"Greece","GR","GRC",2000,13567000,18002.9064613985,4.13782699405849,85.1583562027973,10805808
"Greece","GR","GRC",2001,14678000,18742.4235780691,4.65041459442163,86.2167124359382,10862132
"Greece","GR","GRC",2002,14918000,19548.3677447396,4.68313727063017,88.8594810136268,10902022
"Greece","GR","GRC",2003,14785000,20632.2557041942,5.79682274294369,94.7083147412155,10928070
"Greece","GR","GRC",2004,14268000,21688.1050959558,5.37786634595851,96.2960771218705,10955141
"Greece","GR","GRC",2005,15938000,21880.5265835801,1.18350635493289,96.0924038280014,10987314
"Greece","GR","GRC",2006,17284000,23220.5324419197,6.44339762487436,96.6470443107287,11020362
"Greece","GR","GRC",2007,NA,23973.6936091313,3.50686976639459,97.8931501762818,11048473
"Greece","GR","GRC",2008,NA,23923.8800731311,0.0574740238200775,99.4643051347734,11077841
"Greece","GR","GRC",2009,NA,22878.1346644397,-4.11927606715011,100.772658502184,11107017
"Greece","GR","GRC",2010,NA,21547.724178239,-5.6937412158003,99.9999999999999,11121341
"Greece","GR","GRC",2011,NA,19448.255802525,-9.87677875300243,100.725849852283,11104899
"Greece","GR","GRC",2012,NA,17924.6620496886,-8.33113421099992,97.4917795326544,11045011
"Greece","GR","GRC",2013,20112000,17644.8766635021,-2.27211699888024,96.4607385343488,10965211
"Greece","GR","GRC",2014,24272000,17903.5252440012,0.792225060962835,94.788827734785,10892413
"Greece","GR","GRC",2015,26114000,17980.7298238137,-0.228301892172851,89.2360245058807,10820883
"Greece","GR","GRC",2016,28071000,18049.928997892,-0.0317947678412054,89.4531285578949,10775971
"Greece","GR","GRC",2017,30161000,18352.0884461258,1.47312472702352,89.8809134233803,10754679
"Greece","GR","GRC",2018,33072000,18769.0389621976,2.06467207892409,90.4082992149922,10732882
"Greece","GR","GRC",2019,34005000,19216.6759579785,2.27718065334808,88.6100089927725,10721582
"Greece","GR","GRC",2020,7406000,17486.951333323,-9.19623149726978,88.2171942721101,10698599
"Italy","IT","ITA",1995,55706000,29408.3209572297,2.88683671925843,89.1862785698184,56844303
"Italy","IT","ITA",1996,59805000,29795.6597750915,1.34558477192847,99.1766571274617,56860281
"Italy","IT","ITA",1997,57998000,30353.3778243995,1.92572122608527,98.6812711990087,56890372
"Italy","IT","ITA",1998,58499000,30892.1758654455,1.8043732818638,99.1544249159858,56906744
"Italy","IT","ITA",1999,59521000,31405.2609007683,1.67799157943422,97.8925163110039,56916317
"Italy","IT","ITA",2000,62702000,32609.66746283,3.88209885062652,93.1002212745413,56942108
"Italy","IT","ITA",2001,60960000,33243.599343976,2.00643329837733,94.4118765693948,56976981
"Italy","IT","ITA",2002,63561000,33267.4474482048,0.26992966378873,96.7094577817723,57089824
"Italy","IT","ITA",2003,63026000,33110.1698494812,0.0665538088732092,102.78706880323,57399184
"Italy","IT","ITA",2004,58480000,33348.9744820456,1.4740217064723,104.504941757888,57828179
"Italy","IT","ITA",2005,59230000,33407.6754716472,0.762410677306491,102.722206594922,58166682
"Italy","IT","ITA",2006,66353000,33873.0493680093,1.79947992234244,102.325046001305,58399861
"Italy","IT","ITA",2007,70271000,34159.9109244074,1.46229205289291,102.982425977609,58756247
"Italy","IT","ITA",2008,70719000,33550.6340800063,-1.02313851177097,103.805678556479,59211181
"Italy","IT","ITA",2009,71692000,31587.0638416305,-5.30515401233991,104.935664610865,59555454
"Italy","IT","ITA",2010,73225000,31928.5543621096,1.52910573247101,100,59819407
"Italy","IT","ITA",2011,75866000,32039.5032494316,0.695463154440176,99.9254988392588,60026841
"Italy","IT","ITA",2012,76293000,30953.4147447427,-3.12523877282996,97.8517248333379,60191247
"Italy","IT","ITA",2013,76762000,30330.0221599668,-1.81802510749792,99.5465420095703,60311613
"Italy","IT","ITA",2014,77694000,30325.0287793923,-0.00138761730454462,99.3446605743153,60320707
"Italy","IT","ITA",2015,81068000,30639.8829751432,0.885667635240807,93.7933248440027,60229605
"Italy","IT","ITA",2016,84925000,31077.6792675211,1.23622108511661,94.624701905068,60115223
"Italy","IT","ITA",2017,89931000,31635.52277108,1.60369995294101,95.4177618911688,60002252
"Italy","IT","ITA",2018,93228601.5625,31963.6417148824,0.826646712344115,96.8726343036776,59877221
"Italy","IT","ITA",2019,95399000,32180.4341017428,0.429162533780342,94.5042183045506,59729081
"Italy","IT","ITA",2020,38419000,29469.7989238626,-8.86822122185345,95.0146231388646,59438851
"Japan","JP","JPN",1995,3345000,30504.5332529005,2.34205546196849,134.827006164527,125472000
"Japan","JP","JPN",1996,3837000,31371.432405964,3.07546731409349,113.340067284527,125757000
"Japan","JP","JPN",1997,4218000,31723.3382538425,1.36297109407448,106.598122021482,126057000
"Japan","JP","JPN",1998,4106000,31076.4386626557,-1.77264091037956,106.463511862589,126400000
"Japan","JP","JPN",1999,4438000,30911.9243180534,-0.347600398675738,118.313101514038,126631000
"Japan","JP","JPN",2000,4757000,31779.3788459032,2.97832688768516,124.776740598696,126843000
"Japan","JP","JPN",2001,4772000,31793.1269485489,0.284608556379041,110.996507173844,127149000
"Japan","JP","JPN",2002,5239000,31746.2430105713,0.0849888050363319,103.512814271053,127445000
"Japan","JP","JPN",2003,5212000,32115.5810785373,1.38010935830795,104.659655178558,127718000
"Japan","JP","JPN",2004,6138000,32783.1292835489,2.11294823723127,105.861555847381,127761000
"Japan","JP","JPN",2005,6728000,33385.9179590327,1.8482813374834,99.2889842177539,127773000
"Japan","JP","JPN",2006,7334000,33880.6890093456,1.54630843078741,89.8553448450511,127854000
"Japan","JP","JPN",2007,8347000,34426.6937124867,1.72837912865577,82.3669732649988,128001000
"Japan","JP","JPN",2008,8351000,34008.5915147362,-1.16662209355141,88.4603841621273,128063000
"Japan","JP","JPN",2009,6790000,31993.8588053706,-5.9359411383964,99.3375041330387,128047000
"Japan","JP","JPN",2010,8611000,33311.2872381879,4.13645589222239,99.9999999999999,128070000
"Japan","JP","JPN",2011,6219000,33306.1802259719,-0.20035785332982,101.237606897289,127833000
"Japan","JP","JPN",2012,8358000,33909.4911855243,1.64893452981225,100.010880482333,127629000
"Japan","JP","JPN",2013,10364000,34636.6924746166,1.99727653399265,79.661343093231,127445000
"Japan","JP","JPN",2014,13413000,34996.8796756631,0.905915486065865,74.5461907365075,127276000
"Japan","JP","JPN",2015,19737000,35664.6446110613,1.79997735783475,69.2768722770426,127141000
"Japan","JP","JPN",2016,24039000,35934.4467886662,0.704986495111257,78.7749170186742,127076000
"Japan","JP","JPN",2017,28691000,36547.7357437305,1.62345062245441,75.0381807965509,126972000
"Japan","JP","JPN",2018,31191000,36899.3847079435,0.834143845965585,74.3308016355534,126811000
"Japan","JP","JPN",2019,31881000,36837.2583653113,-0.308496921143259,76.4183556235288,126633000
"Japan","JP","JPN",2020,4115799.8046875,35363.2996951789,-4.28327942675573,77.0950081529581,126261000
"Korea, Rep.","KR","KOR",1995,3753000,13924.3044000347,9.7358937505409,152.758103249717,45092991
"Korea, Rep.","KR","KOR",1996,3684000,14894.3278834104,7.99042982526839,164.434675938897,45524681
"Korea, Rep.","KR","KOR",1997,3908000,15682.2717905189,6.2821926537929,146.648590964874,45953580
"Korea, Rep.","KR","KOR",1998,4250000,14800.5091573641,-4.9389297463141,97.894454099271,46286503
"Korea, Rep.","KR","KOR",1999,4660000,16402.9168341094,11.6172629559591,99.2886734460101,46616677
"Korea, Rep.","KR","KOR",2000,5322000,17763.1353417297,9.2018583880479,104.731874074094,47008111
"Korea, Rep.","KR","KOR",2001,5147000,18460.4288193829,4.72593560322356,98.4697961131721,47370164
"Korea, Rep.","KR","KOR",2002,5347000,19775.3800655139,7.74399895319569,104.445545786428,47644736
"Korea, Rep.","KR","KOR",2003,4753000,20278.0406421178,3.07472661826947,103.107437927225,47892330
"Korea, Rep.","KR","KOR",2004,5818000,21244.8136800528,5.1836368597334,107.241596068515,48082519
"Korea, Rep.","KR","KOR",2005,6023000,22123.7613066851,4.35823667337156,127.016608317263,48184561
"Korea, Rep.","KR","KOR",2006,6155000,23162.1860111297,5.24500550580342,136.102000515023,48438292
"Korea, Rep.","KR","KOR",2007,6448000,24391.7651013448,5.8419633918717,137.145083570365,48683638
"Korea, Rep.","KR","KOR",2008,6891000,24934.5396367691,3.00440451679569,108.142013885944,49054708
"Korea, Rep.","KR","KOR",2009,7818000,25009.9148311999,0.81986175641795,91.6140551877063,49307835
"Korea, Rep.","KR","KOR",2010,8798000,26623.0487122927,6.98166138853071,100,49554112
"Korea, Rep.","KR","KOR",2011,9795000,27393.455357272,3.6880320602952,97.4913021906562,49936638
"Korea, Rep.","KR","KOR",2012,11140000,27944.0564190045,2.54766550568242,105.126979533317,50199853
"Korea, Rep.","KR","KOR",2013,12176000,28732.711152033,3.2913959543442,119.02693940295,50428893
"Korea, Rep.","KR","KOR",2014,14202000,29470.6732991655,3.21468019683108,134.523803868149,50746659
"Korea, Rep.","KR","KOR",2015,13232000,30171.7906545222,2.92029267301234,142.053873395547,51014947
"Korea, Rep.","KR","KOR",2016,17242000,31005.4072876388,3.17152748983935,139.055448199124,51217803
"Korea, Rep.","KR","KOR",2017,13336000,31979.9027302467,3.433191763972,143.076667914139,51361911
"Korea, Rep.","KR","KOR",2018,15347000,32852.8887488942,3.17611568177327,152.992991561875,51585058
"Korea, Rep.","KR","KOR",2019,17503000,33496.3113815643,2.31380210595475,147.622919566554,51764822
"Korea, Rep.","KR","KOR",2020,2519000,33215.9298928108,-0.700242317542106,136.984098046403,51836239
"Mexico","MX","MEX",1995,85446000,7970.64038489585,-5.91029962358286,75.5141680577351,90862455
"Mexico","MX","MEX",1996,90394000,8320.65295687947,6.21829715869302,84.7710613652704,92452702
"Mexico","MX","MEX",1997,92915000,8770.8448154628,7.19887615284711,97.6036257695446,94021207
"Mexico","MX","MEX",1998,95214000,9161.89527775798,6.18507893082885,98.3845720054294,95575245
"Mexico","MX","MEX",1999,99869000,9264.977292523,2.75503039300564,106.784025650815,97115707
"Mexico","MX","MEX",2000,105673000,9581.96970202823,5.02928399378261,115.553400015407,98625552
"Mexico","MX","MEX",2001,100718000,9398.35074347946,-0.450845253215945,123.028647194709,100099099
"Mexico","MX","MEX",2002,100153000,9242.27886122367,-0.236588001922641,123.06063768985,101548624
"Mexico","MX","MEX",2003,92330000,9221.99666685464,1.18554486709559,110.197372985895,102978515
"Mexico","MX","MEX",2004,99250000,9421.28976132695,3.56544102622887,105.968809929137,104394131
"Mexico","MX","MEX",2005,103146000,9491.51730268004,2.11324711473297,109.793540133948,105811504
"Mexico","MX","MEX",2006,97701000,9813.82804186659,4.80501351664901,109.894671668027,107253666
"Mexico","MX","MEX",2007,93582000,9877.69532636562,2.0778639395329,108.363121432455,108774360
"Mexico","MX","MEX",2008,92948000,9826.34218448486,0.943331872912935,106.063318481667,110374288
"Mexico","MX","MEX",2009,88044000,9074.11881448129,-6.29525056697287,92.7697787421505,111999721
"Mexico","MX","MEX",2010,81953000,9389.06722076504,4.9713345832195,100,113623895
"Mexico","MX","MEX",2011,75732000,9575.93437734618,3.44404505297089,99.8484894987736,115243504
"Mexico","MX","MEX",2012,76749000,9782.51776251839,3.55321076010608,96.6820314212398,116818208
"Mexico","MX","MEX",2013,78100000,9738.71059661101,0.852101550164704,102.304385904223,118343573
"Mexico","MX","MEX",2014,81042000,9862.4812534745,2.50376350783593,101.207651448952,119784261
"Mexico","MX","MEX",2015,87129000,10021.2386113616,2.70232343024026,90.6826171466568,121072306
"Mexico","MX","MEX",2016,94853000,10100.5021195819,1.7724932254128,79.0589859435681,122251351
"Mexico","MX","MEX",2017,99349000,10193.7727188313,1.87172854648381,81.0162193188277,123400057
"Mexico","MX","MEX",2018,96497000,10296.8690940459,1.97208211101069,80.9713080815444,124573711
"Mexico","MX","MEX",2019,97406000,10159.4448367696,-0.392690513290532,83.5890901098247,125762982
"Mexico","MX","MEX",2020,51128000,9234.64362226594,-8.35403459379062,77.1450033114515,126799054
"Morocco","MA","MAR",1995,2752000,1705.4482421875,-5.40544787197402,109.382335621772,26399429
"Morocco","MA","MAR",1996,2856000,1886.67224121094,12.3728762700496,109.717795600362,26808107
"Morocco","MA","MAR",1997,3203000,1828.96862792969,-1.56070234550782,109.34523056264,27213337
"Morocco","MA","MAR",1998,3267000,1931.74047851563,7.23855267691987,112.258951290529,27621648
"Morocco","MA","MAR",1999,4088000,1935.47875976563,1.6970614772566,112.25633803321,28027179
"Morocco","MA","MAR",2000,4458000,1957.14135742188,2.58218091499747,114.852955528687,28423435
"Morocco","MA","MAR",2001,4596000,2078.96606445313,7.72182519577728,110.208132777472,28814643
"Morocco","MA","MAR",2002,4709000,2127.50708007813,3.73019737485745,109.710685900648,29198142
"Morocco","MA","MAR",2003,5021000,2229.576171875,6.17110214953244,108.88609902621,29571415
"Morocco","MA","MAR",2004,5732000,2301.08178710938,4.57138016516208,106.986201842616,29953018
"Morocco","MA","MAR",2005,6077000,2342.15478515625,3.19224973015831,104.046245255729,30358144
"Morocco","MA","MAR",2006,6777000,2489.99291992188,7.7908200104027,104.533312366764,30771178
"Morocco","MA","MAR",2007,7701000,2540.615234375,3.44106776690418,103.610079874589,31186468
"Morocco","MA","MAR",2008,8209000,2648.58569335938,5.68453936284732,103.349321668838,31606767
"Morocco","MA","MAR",2009,8661000,2710.66650390625,3.74576940136258,104.817749868032,32030778
"Morocco","MA","MAR",2010,9752000,2767.04223632813,3.49955709403216,100,32467016
"Morocco","MA","MAR",2011,9784000,2879.53930664063,5.52464523319847,97.5005247930548,32912588
"Morocco","MA","MAR",2012,9830000,2927.45043945313,3.06234368502997,95.3823486920949,33355241
"Morocco","MA","MAR",2013,10349000,3008.185546875,4.12221286860944,97.0110333254254,33787571
"Morocco","MA","MAR",2014,10507000,3051.458984375,2.7192440802029,97.0799464898365,34204780
"Morocco","MA","MAR",2015,10542000,3146.24780273438,4.34458297635238,96.8371296360663,34607588
"Morocco","MA","MAR",2016,10677000,3124.42504882813,0.52118550608968,98.977184302312,35023457
"Morocco","MA","MAR",2017,11540000,3242.64428710938,5.05789816173446,98.6489759325085,35446392
"Morocco","MA","MAR",2018,12489000,3304.7119140625,3.06564133025955,99.4263633406825,35839760
"Morocco","MA","MAR",2019,13109000,3364.73950195313,2.89097476137077,100.211350623948,36210898
"Morocco","MA","MAR",2020,2802000,3090.89428710938,-7.17820744246774,101.574646324883,36584208
"Netherlands","NL","NLD",1995,6574000,33916.4887954068,3.11603593857495,105.101241538815,15459006
"Netherlands","NL","NLD",1996,6580000,34915.1788311903,3.42063535269868,102.715441086314,15530498
"Netherlands","NL","NLD",1997,7841000,36211.6548633578,4.24847396941847,96.9941975267458,15610650
"Netherlands","NL","NLD",1998,9312000,37661.7102516626,4.64770326997895,98.5024856828639,15707209
"Netherlands","NL","NLD",1999,9874000,39298.7167162926,5.04334216651563,97.3195045080239,15812088
"Netherlands","NL","NLD",2000,10003000,40665.3000211594,4.21970034558892,92.5138499043685,15925513
"Netherlands","NL","NLD",2001,9500000,41297.284710124,2.32358454925847,95.0147792430639,16046180
"Netherlands","NL","NLD",2002,9595000,41135.4020353856,0.24582951723049,98.2906016023781,16148929
"Netherlands","NL","NLD",2003,9181000,40981.839972092,0.0978549395212411,104.269317531663,16225302
"Netherlands","NL","NLD",2004,9646000,41663.1290344572,2.01628331561487,105.190288454781,16281779
"Netherlands","NL","NLD",2005,10012000,42411.3480862811,2.03401576512488,103.707216705299,16319868
"Netherlands","NL","NLD",2006,10739000,43841.0915818567,3.53729585853395,102.333262462813,16346101
"Netherlands","NL","NLD",2007,11008000,45445.542186196,3.88542348324803,103.055963114158,16381696
"Netherlands","NL","NLD",2008,10104000,46227.1987545514,2.11674514240192,103.552826313661,16445593
"Netherlands","NL","NLD",2009,9921000,44304.4041948677,-3.66528147002826,105.01124048331,16530388
"Netherlands","NL","NLD",2010,10883000,44659.2793901474,1.31935287897116,100,16615394
"Netherlands","NL","NLD",2011,11300000,45239.7198745589,1.77330320575034,99.4598855129901,16693074
"Netherlands","NL","NLD",2012,11680000,44631.8855633239,-0.977826121310997,96.7708965225967,16754962
"Netherlands","NL","NLD",2013,12783000,44487.0378593394,-0.0302410184270769,99.8478887182193,16804432
"Netherlands","NL","NLD",2014,13925000,45042.0515907444,1.61255885112396,100.34775794185,16865008
"Netherlands","NL","NLD",2015,15007000,45793.8135434697,2.12064007193544,95.9357113452192,16939923
"Netherlands","NL","NLD",2016,15828000,46655.0340264754,2.42428065449427,97.3021938673364,17030314
"Netherlands","NL","NLD",2017,17924000,47670.0858101833,2.78150834679987,97.9320121725311,17131296
"Netherlands","NL","NLD",2018,18780000,48463.0055608731,2.25873158164956,99.7871663056882,17231624
"Netherlands","NL","NLD",2019,20129000,49254.024789064,2.3001616053659,99.7430238846381,17344874
"Netherlands","NL","NLD",2020,7265000,47086.5674755497,-3.86799714191608,101.803122522187,17441500
"Portugal","PT","PRT",1995,9511000,15811.7171369279,4.28278017236022,96.4276458965312,10026176
"Portugal","PT","PRT",1996,9730000,16304.3794463959,3.50424653058748,97.2093565755409,10063945
"Portugal","PT","PRT",1997,10172000,16946.086865108,4.40086766458026,95.5565957097112,10108977
"Portugal","PT","PRT",1998,11295000,17671.3135082912,4.80796318953165,95.9469312219251,10160196
"Portugal","PT","PRT",1999,11632000,18258.0911720943,3.90657779623113,95.4367565804713,10217828
"Portugal","PT","PRT",2000,12097000,18822.0933092937,3.81617714108242,93.1458599648177,10289898
"Portugal","PT","PRT",2001,12167000,19053.089945659,1.94367213427915,95.3989399504049,10362722
"Portugal","PT","PRT",2002,11644000,19095.1102477398,0.770924781247714,97.8027524618452,10419631
"Portugal","PT","PRT",2003,11707000,18846.5411893632,-0.930521045062918,102.215861194383,10458821
"Portugal","PT","PRT",2004,10639000,19137.8370898949,1.78873552917291,103.226460430777,10483861
"Portugal","PT","PRT",2005,10612000,19251.71450683,0.781847569123585,102.424385477101,10503330
"Portugal","PT","PRT",2006,11282000,19529.3122100477,1.62503532956156,102.998106264832,10522288
"Portugal","PT","PRT",2007,6788000,19979.5706280792,2.50657937751231,103.93862908419,10542964
"Portugal","PT","PRT",2008,6962000,20014.4749330004,0.319247344434558,103.958958252661,10558177
"Portugal","PT","PRT",2009,6439000,19371.1318876855,-3.12207827545093,103.03778379016,10568247
"Portugal","PT","PRT",2010,6756000,19698.6836791397,1.73762453640036,100,10573100
"Portugal","PT","PRT",2011,7264000,19389.6395896162,-1.71352745905065,100.807810432356,10557560
"Portugal","PT","PRT",2012,7503000,18679.7626789594,-4.05090267621935,99.2759158897017,10514844
"Portugal","PT","PRT",2013,9177000,18597.7214623964,-0.984106574148328,99.3281988949953,10457295
"Portugal","PT","PRT",2014,10497000,18836.8967978906,0.741391420706506,98.4703948308164,10401062
"Portugal","PT","PRT",2015,11723000,19215.7813014347,1.58979803702681,95.1556710328772,10358076
"Portugal","PT","PRT",2016,13359000,19662.82312462,2.00414129666575,96.6782449379406,10325452
"Portugal","PT","PRT",2017,15432000,20364.1962735946,3.31472008175986,96.874403076022,10300300
"Portugal","PT","PRT",2018,16186000,20997.7745987013,2.94628343449202,98.0044018820232,10283822
"Portugal","PT","PRT",2019,17283000,21569.1874752919,2.74568432648596,96.4459170962633,10286263
"Portugal","PT","PRT",2020,4208000,19778.7139525722,-8.20463159324387,97.7110043045659,10297081
"Russian Federation","RU","RUS",1995,10290000,4862.646484375,-4.1435284052602,60.2625612786326,148375787
"Russian Federation","RU","RUS",1996,16208000,4686.86279296875,-3.7550694383594,74.3878854088102,148160129
"Russian Federation","RU","RUS",1997,17463000,4760.33935546875,1.3999158052963,79.4863375915309,147915361
"Russian Federation","RU","RUS",1998,16188000,4515.50927734375,-5.2999616266239,70.1652183089364,147670784
"Russian Federation","RU","RUS",1999,18820000,4819.38037109375,6.39991469144101,47.9579274514014,147214776
"Russian Federation","RU","RUS",2000,21169000,5323.66650390625,10.0000668136515,54.0581427382876,146596869
"Russian Federation","RU","RUS",2001,21595000,5618.95556640625,5.10005122572568,63.4892137213084,145976482
"Russian Federation","RU","RUS",2002,23309000,5910.171875,4.69999190914258,66.4630261339312,145306497
"Russian Federation","RU","RUS",2003,22521000,6370.45361328125,7.29995234528189,68.8341504841885,144648618
"Russian Federation","RU","RUS",2004,22064000,6856.67822265625,7.19994786954857,74.3587520858203,144067316
"Russian Federation","RU","RUS",2005,22201000,7323.38525390625,6.39996544799469,81.1589498368071,143518814
"Russian Federation","RU","RUS",2006,22486000,7949.89697265625,8.20006825456321,88.9634000225259,143049637
"Russian Federation","RU","RUS",2007,22909000,8640.40625,8.49997776916511,93.4216601726716,142805114
"Russian Federation","RU","RUS",2008,23676000,9093.7001953125,5.19996926404957,98.9200689493531,142742366
"Russian Federation","RU","RUS",2009,21339000,8381.8681640625,-7.79999391271275,92.1377150206016,142785348
"Russian Federation","RU","RUS",2010,22281000,8755.1201171875,4.49999999920672,100,142849468
"Russian Federation","RU","RUS",2011,24932000,9120.8203125,4.30002918604238,104.39928704032,143018195
"Russian Federation","RU","RUS",2012,28177000,9464.0107421875,4.0240861571798,105.694592326178,143378447
"Russian Federation","RU","RUS",2013,30792000,9601.537109375,1.75542214916291,107.24538321017,143805638
"Russian Federation","RU","RUS",2014,32421000,9493.8125,0.736267221403651,98.1202946589132,144237223
"Russian Federation","RU","RUS",2015,33729000,9277.7138671875,-1.9727192264298,79.9453011800331,144640716
"Russian Federation","RU","RUS",2016,24571000,9269.3173828125,0.193671130698817,79.7399112515936,145015460
"Russian Federation","RU","RUS",2017,24390000,9418.99609375,1.82670527549192,92.1232008230267,145293260
"Russian Federation","RU","RUS",2018,24551000,9674.787109375,2.80634082046656,85.4304284584722,145398106
"Russian Federation","RU","RUS",2019,24419000,9882.0244140625,2.19807571381982,87.7316814363016,145453291
"Russian Federation","RU","RUS",2020,6359000,9632.3251953125,-2.65365449695453,80.8050844295935,145245148
"South Africa","ZA","ZAF",1995,4684000,4337.29729686998,3.10000000054411,121.894762630384,44541554
"South Africa","ZA","ZAF",1996,5186000,4465.50649854807,4.29999999726792,112.340443750609,45123018
"South Africa","ZA","ZAF",1997,5170000,4527.04992403877,2.60000000146347,118.754487043832,45666838
"South Africa","ZA","ZAF",1998,5898000,4494.85711232358,0.50000000034143,108.868999060771,46223880
"South Africa","ZA","ZAF",1999,6026000,4552.85007973031,2.39999999746338,103.0649903543,46730335
"South Africa","ZA","ZAF",2000,6001000,4700.87555500704,4.20000000067826,99.8852160888801,47159719
"South Africa","ZA","ZAF",2001,5908000,4786.482450463,2.70000000019104,88.0982375723138,47566800
"South Africa","ZA","ZAF",2002,6550000,4916.81498068625,3.70037440406668,75.5913340980933,48019415
"South Africa","ZA","ZAF",2003,6640000,5011.62223150169,2.94907546754213,98.3491099081068,48500348
"South Africa","ZA","ZAF",2004,6815000,5187.35683424034,4.55455990721774,104.383907885871,48991421
"South Africa","ZA","ZAF",2005,7518000,5406.07581377638,5.27705197295467,104.332547250107,49490033
"South Africa","ZA","ZAF",2006,8509000,5650.9883176549,5.60380645895889,98.3534917927857,49998277
"South Africa","ZA","ZAF",2007,9208000,5891.42069421698,5.36047405394162,91.9558510505061,50528584
"South Africa","ZA","ZAF",2008,9729000,6009.71963138635,3.1910438863288,80.1657841767251,51114599
"South Africa","ZA","ZAF",2009,9532000,5847.05811084505,-1.53808913525583,87.2255701462213,51728516
"South Africa","ZA","ZAF",2010,11303000,5953.94506512821,3.03973288127956,100,52344051
"South Africa","ZA","ZAF",2011,12097000,6067.12482726885,3.16855627858818,98.4100460166497,52995205
"South Africa","ZA","ZAF",2012,13069000,6121.55783860713,2.39623238465745,92.6263270692713,53782567
"South Africa","ZA","ZAF",2013,14318000,6170.87670863373,2.48546800826588,82.1961485194812,54678791
"South Africa","ZA","ZAF",2014,14530000,6155.00589462516,1.41382645223793,77.1065539518633,55594838
"South Africa","ZA","ZAF",2015,13952000,6112.27382485974,1.32186223678229,75.1247349069743,56723537
"South Africa","ZA","ZAF",2016,15121000,6095.295060428,0.664552307858116,70.6044572082308,57259551
"South Africa","ZA","ZAF",2017,14975000,6125.6920507497,1.15794695181735,79.5986063571545,57635162
"South Africa","ZA","ZAF",2018,15004000,6117.2701406047,1.55678384721676,80.7086340494865,58613001
"South Africa","ZA","ZAF",2019,14797000,6032.82972598668,0.25993557687633,78.0902194060907,59587885
"South Africa","ZA","ZAF",2020,3886600.09765625,5569.58483319272,-6.1689177146757,70.9019178146368,60562381
"Spain","ES","ESP",1995,52460000,20217.9031940372,2.75749400293542,92.6855808502679,39724050
"Spain","ES","ESP",1996,55077000,20658.8402775701,2.60741117110229,94.5701916296621,39889852
"Spain","ES","ESP",1997,62415000,21310.4311888986,3.58729972356299,90.4034104266428,40057389
"Spain","ES","ESP",1998,68068000,22135.4045018802,4.30197745333581,90.8933843171157,40223509
"Spain","ES","ESP",1999,72040000,23017.838771323,4.40886545305924,90.2918958343938,40386875
"Spain","ES","ESP",2000,74580000,24106.8818529374,5.20064125553942,88.3712245449622,40567864
"Spain","ES","ESP",2001,75564000,24878.3784543991,3.91908880808811,90.0212365981417,40850412
"Spain","ES","ESP",2002,79313000,25205.3154769045,2.75545611564098,92.0918352714336,41431558
"Spain","ES","ESP",2003,82326000,25481.1653690112,2.9392895953076,96.6700211209812,42187645
"Spain","ES","ESP",2004,85981000,25825.3106463315,3.1145314799161,98.6003490630061,42921895
"Spain","ES","ESP",2005,92563000,26294.447384391,3.5512255846125,99.0325402492733,43653155
"Spain","ES","ESP",2006,96152000,26899.0921497113,4.04343515605099,100.364176062538,44397319
"Spain","ES","ESP",2007,98907000,27338.79541774,3.53350013165972,101.931011277726,45226803
"Spain","ES","ESP",2008,97670000,27112.526293889,0.767165748290694,103.80370857384,45954106
"Spain","ES","ESP",2009,91899000,25860.8142592652,-3.76813306940053,103.670232400066,46362946
"Spain","ES","ESP",2010,93744000,25766.2515825743,0.0941223116369514,100,46576897
"Spain","ES","ESP",2011,99187000,25510.5579678829,-0.639920636520344,100.454968899205,46742697
"Spain","ES","ESP",2012,98128000,24763.568274484,-2.86511368637748,98.0658061865028,46773055
"Spain","ES","ESP",2013,103231000,24498.5559507945,-1.42732224757626,99.7957132238331,46604197
"Spain","ES","ESP",2014,107144000,24947.8512505913,1.52048593647231,99.2518134803866,46460733
"Spain","ES","ESP",2015,109834000,25982.4416197775,4.06086672473866,93.8443228107827,46422303
"Spain","ES","ESP",2016,115561000,26719.2442268615,2.91515598595787,94.6454253163737,46458139
"Spain","ES","ESP",2017,121717000,27426.281015093,2.89604207865007,95.9578128743636,46571232
"Spain","ES","ESP",2018,124456000,27956.7225466484,2.39541124478878,97.8190100410634,46782011
"Spain","ES","ESP",2019,126170000,28301.4393949563,1.96117850841711,95.880110682583,47118501
"Spain","ES","ESP",2020,36410000,25077.019882928,-10.9400706350371,96.2975827013682,47359424
"Sweden","SE","SWE",1995,2310000,35064.4138802129,4.09438992772475,118.268196517634,8826939
"Sweden","SE","SWE",1996,2376000,35605.4537507466,1.70471985374236,127.682258675781,8840998
"Sweden","SE","SWE",1997,2388000,36675.7506543343,3.06499186399252,120.719220078571,8846062
"Sweden","SE","SWE",1998,2573000,38211.7233090832,4.24583179417877,116.879480553915,8850974
"Sweden","SE","SWE",1999,2595000,39786.0271902555,4.20111929805536,113.663776056703,8857874
"Sweden","SE","SWE",2000,3828000,41561.7747635857,4.63112136551369,111.036097587651,8872109
"Sweden","SE","SWE",2001,4108000,42014.4022302506,1.36080642694121,101.776650185489,8895960
"Sweden","SE","SWE",2002,4276000,42831.7584103774,2.27772867861897,104.504611496375,8924958
"Sweden","SE","SWE",2003,4268000,43475.3655433221,1.88102769675844,111.456263537724,8958229
"Sweden","SE","SWE",2004,4676000,45114.6701230708,4.17958419343711,111.975455291911,8993531
"Sweden","SE","SWE",2005,4883000,46189.6828420555,2.79313782840156,107.014506050093,9029572
"Sweden","SE","SWE",2006,4729000,48078.3520110084,4.67607488877992,106.207758112227,9080505
"Sweden","SE","SWE",2007,5224000,49262.152916545,3.22486814096095,107.623136245779,9148092
"Sweden","SE","SWE",2008,4555000,48428.6587081751,-0.923113250067971,105.020013652414,9219637
"Sweden","SE","SWE",2009,4899000,45974.3911151254,-4.25561384207619,94.636120365376,9298515
"Sweden","SE","SWE",2010,5183000,48205.5492512742,5.75076477579255,100,9378126
"Sweden","SE","SWE",2011,11567000,49356.5905257047,3.16388567406926,105.926069192497,9449213
"Sweden","SE","SWE",2012,12372000,48789.7906883637,-0.414397702454409,105.268365375635,9519374
"Sweden","SE","SWE",2013,10980000,48928.4994141291,1.13766671801426,106.519034497855,9600379
"Sweden","SE","SWE",2014,10522000,49557.6183647959,2.29577238758284,100.811973702565,9696110
"Sweden","SE","SWE",2015,6482000,51188.1652120493,4.38824673608589,93.2382428467724,9799186
"Sweden","SE","SWE",2016,6782000,51626.3235312369,2.13117914731151,93.9463289244371,9923085
"Sweden","SE","SWE",2017,7054000,51894.3748177808,1.88282184966646,93.1481662547507,10057698
"Sweden","SE","SWE",2018,7440000,52203.0872589761,1.7702553546772,89.2468759047374,10175214
"Sweden","SE","SWE",2019,7616000,53024.4099494317,2.60823012869524,85.6655884013383,10278887
"Sweden","SE","SWE",2020,1957000,51624.5811789573,-1.93379704032216,87.6665861929877,10353442
"Switzerland","CH","CHE",1995,6946000,68765.8004895745,4.09438994746239,106.594082079487,7040687
"Switzerland","CH","CHE",1996,6730000,68846.2811295722,0.560166924751584,103.420032408299,7071850
"Switzerland","CH","CHE",1997,7039000,70121.2926450719,2.09761680316545,95.2414447445138,7088906
"Switzerland","CH","CHE",1998,7185000,71854.1176863899,2.77611373648112,96.464094967583,7110001
"Switzerland","CH","CHE",1999,7154000,72713.7068420544,1.68007571116809,94.6334714417248,7143991
"Switzerland","CH","CHE",2000,7821000,74933.2770077552,3.63321673470911,92.1962308060121,7184250
"Switzerland","CH","CHE",2001,7455000,75646.1781144131,1.59219781357001,94.583370560013,7229854
"Switzerland","CH","CHE",2002,6868000,75361.6941607385,0.380410134195273,97.976897111944,7284753
"Switzerland","CH","CHE",2003,6530000,74592.0284690955,-0.284222357857615,98.2619639827298,7339001
"Switzerland","CH","CHE",2004,NA,75997.4453154761,2.58692895529093,97.2186483537419,7389625
"Switzerland","CH","CHE",2005,7229000,77741.3436104704,2.95208487460334,95.3623174512392,7437115
"Switzerland","CH","CHE",2006,7863000,80448.9696781612,4.13432251467916,92.7779841662307,7483934
"Switzerland","CH","CHE",2007,8448000,82909.1358291459,3.98319384807056,88.9512073813572,7551117
"Switzerland","CH","CHE",2008,8608000,83934.7657221246,2.53159615417233,92.4038871208606,7647675
"Switzerland","CH","CHE",2009,8294000,81288.642957612,-1.93490944903913,95.9546902493983,7743831
"Switzerland","CH","CHE",2010,8628000,83069.4276373455,3.26063082122047,99.9999999999999,7824909
"Switzerland","CH","CHE",2011,8534000,83307.3180998465,1.40766067483813,109.539494601927,7912398
"Switzerland","CH","CHE",2012,8566000,83354.0207485188,1.12413575027705,105.44683788169,7996861
"Switzerland","CH","CHE",2013,8967000,83914.0245080812,1.83612392927999,103.66979931038,8089346
"Switzerland","CH","CHE",2014,9158000,85004.8134534,2.54342347675991,104.269723918553,8188649
"Switzerland","CH","CHE",2015,9305000,85265.06205193,1.45450336491099,110.454114777935,8282396
"Switzerland","CH","CHE",2016,10402000,85951.2234148345,1.91159094214852,108.138677313103,8373338
"Switzerland","CH","CHE",2017,11133000,86362.360972862,1.42034612231261,106.09784339517,8451840
"Switzerland","CH","CHE",2018,11715000,88581.0826935584,3.32743256101493,103.190839417354,8514329
"Switzerland","CH","CHE",2019,11818000,88932.4119306425,1.11532187197474,104.121610236012,8575280
"Switzerland","CH","CHE",2020,NA,86293.9183441155,-2.2552579425106,108.106828333618,8638167
"Tunisia","TN","TUN",1995,4120000,2322.59207185194,2.35166985086541,131.80820575463,9161258
"Tunisia","TN","TUN",1996,3885000,2452.90929820496,7.14608096782061,131.991177639767,9294432
"Tunisia","TN","TUN",1997,4263000,2551.55055160864,5.44094350107467,131.376748179735,9421270
"Tunisia","TN","TUN",1998,4718000,2639.87498120997,4.78376247825665,131.723049901456,9541667
"Tunisia","TN","TUN",1999,4832000,2766.57007135231,6.05463447898158,132.703220904287,9655963
"Tunisia","TN","TUN",2000,5058000,2864.54703666618,4.7099729138049,131.019076669881,9764935
"Tunisia","TN","TUN",2001,5387000,2941.73893592906,3.79627166202512,128.973020306798,9869677
"Tunisia","TN","TUN",2002,5064000,2950.20410959054,1.32255714828946,127.533917901183,9971515
"Tunisia","TN","TUN",2003,5114000,3058.22895827842,4.70239953285241,121.310200966044,10071632
"Tunisia","TN","TUN",2004,5998000,3218.72320748457,6.23579072222647,116.748258067608,10166163
"Tunisia","TN","TUN",2005,6378000,3301.93817216029,3.4865455430439,111.060491305026,10255472
"Tunisia","TN","TUN",2006,6550000,3444.5513526091,5.24409983246916,108.289893790379,10346410
"Tunisia","TN","TUN",2007,6762000,3642.11977444786,6.70952097453554,104.623041065425,10441702
"Tunisia","TN","TUN",2008,7050000,3760.11828478704,4.23778147502819,103.330627099891,10542635
"Tunisia","TN","TUN",2009,7797000,3835.25011939301,3.04345012371552,102.519997226211,10650681
"Tunisia","TN","TUN",2010,7828000,3906.90625867605,2.97113275066512,100,10765980
"Tunisia","TN","TUN",2011,5746000,3784.7412903401,-2.04663389535644,97.7994084891521,10886035
"Tunisia","TN","TUN",2012,6999000,3900.04620132702,4.21667711535632,96.3812512333225,11009647
"Tunisia","TN","TUN",2013,7352000,3947.58763533174,2.42993096446429,93.5452373660572,11141361
"Tunisia","TN","TUN",2014,7163000,4021.59954703591,3.09032803070775,93.4799482760495,11274288
"Tunisia","TN","TUN",2015,5359000,4014.94773686432,0.967834205635981,97.4927627058733,11402264
"Tunisia","TN","TUN",2016,5724000,4015.28893802703,1.117231963992,92.4990465702056,11528674
"Tunisia","TN","TUN",2017,7052000,4062.80606534519,2.25261437620587,84.4025622866993,11650498
"Tunisia","TN","TUN",2018,8299000,4127.97005697994,2.60696965356362,79.2245607169191,11765514
"Tunisia","TN","TUN",2019,9429000,4153.27978615515,1.55009304966742,78.383911181428,11875081
"Tunisia","TN","TUN",2020,2012000,3749.26841452928,-8.97512622934723,85.1990913237077,11974057
"Turkiye","TR","TUR",1995,7727000,5577.82539654281,7.878266878218,NA,61024503
"Turkiye","TR","TUR",1996,8614000,5887.67309798528,7.15779847930847,NA,61951134
"Turkiye","TR","TUR",1997,9689000,6230.18622126407,7.3578623747848,NA,62852966
"Turkiye","TR","TUR",1998,9753000,6261.28870069222,1.90857064345151,NA,63734383
"Turkiye","TR","TUR",1999,7487000,5989.55700860592,-3.05277055759434,NA,64591923
"Turkiye","TR","TUR",2000,10428000,6326.25746472488,6.98528697817062,NA,65425961
"Turkiye","TR","TUR",2001,11619000,5906.92348536699,-5.45940838563062,NA,66245128
"Turkiye","TR","TUR",2002,13256000,6211.70542960394,6.43550883793114,NA,67048795
"Turkiye","TR","TUR",2003,14030000,6496.07277294612,5.79909321038525,NA,67831730
"Turkiye","TR","TUR",2004,17517000,7061.62219794984,9.92540551918624,NA,68592617
"Turkiye","TR","TUR",2005,21125000,7623.14640948457,9.11157745861635,NA,69329557
"Turkiye","TR","TUR",2006,19820000,8078.5153787571,7.06762607623939,NA,70045349
"Turkiye","TR","TUR",2007,27215000,8477.53328393352,5.10818513903604,NA,70158112
"Turkiye","TR","TUR",2008,31138000,8447.93976396947,0.920118221365883,NA,71051678
"Turkiye","TR","TUR",2009,31760000,7925.30110421185,-4.88269401706633,NA,72039206
"Turkiye","TR","TUR",2010,32997000,8472.57809050119,8.54219848467686,NA,73142150
"Turkiye","TR","TUR",2011,36769000,9265.85910238578,10.9799625273598,NA,74223629
"Turkiye","TR","TUR",2012,37715000,9588.32066531438,4.80762696633448,NA,75175827
"Turkiye","TR","TUR",2013,39861000,10269.4489140773,8.48825689298511,NA,76147624
"Turkiye","TR","TUR",2014,41627000,10597.9801881716,4.60079447270559,NA,77181884
"Turkiye","TR","TUR",2015,41114000,11064.6494504662,5.80557386628684,NA,78218479
"Turkiye","TR","TUR",2016,30907000,11279.6169531569,3.32366508200445,NA,79277962
"Turkiye","TR","TUR",2017,37970000,12005.6459824832,7.82585730002594,NA,80312698
"Turkiye","TR","TUR",2018,46113000,12255.0082146169,3.46815306092219,NA,81407204
"Turkiye","TR","TUR",2019,51747000,12238.2950220128,1.30162365464503,NA,82579440
"Turkiye","TR","TUR",2020,15971000,12338.643833135,1.80306247087255,NA,83384680
"United Kingdom","GB","GBR",1995,23537000,33362.0161272507,3.53339096338078,103.939709685122,58019030
"United Kingdom","GB","GBR",1996,25163000,34147.3459054033,2.61491606949487,106.316612708043,58166950
"United Kingdom","GB","GBR",1997,25515000,35721.6105928791,4.8799853038024,123.166340896991,58316954
"United Kingdom","GB","GBR",1998,25745000,36773.9287790406,3.24631482881618,129.089623567348,58487141
"United Kingdom","GB","GBR",1999,25394000,37730.7155591161,2.94445869854798,128.945786925388,58682466
"United Kingdom","GB","GBR",2000,25209000,39297.1366317267,4.52438074810904,130.256542031015,58892514
"United Kingdom","GB","GBR",2001,22835000,40082.1359356822,2.39102229602824,127.105937721438,59119673
"United Kingdom","GB","GBR",2002,24180000,40594.932929345,1.70902736258567,128.004543838478,59370479
"United Kingdom","GB","GBR",2003,24715000,41706.8303930126,3.21851612669614,122.782279658608,59647577
"United Kingdom","GB","GBR",2004,27755000,42434.8209023638,2.32601853325993,127.550637679756,59987905
"United Kingdom","GB","GBR",2005,29970000,43320.5628684438,2.7906547174688,125.251977106755,60401206
"United Kingdom","GB","GBR",2006,32713000,43944.9985799069,2.18982132415704,125.98807979992,60846820
"United Kingdom","GB","GBR",2007,32778000,44882.141312304,2.93091133582351,128.12296254508,61322463
"United Kingdom","GB","GBR",2008,31888000,44508.2874631479,-0.0494116727402769,111.600391073875,61806995
"United Kingdom","GB","GBR",2009,31072000,42146.5095879962,-4.58740819226323,100.139399406963,62276270
"United Kingdom","GB","GBR",2010,30398000,42762.720840223,2.26054460931586,99.9999999999999,62766365
"United Kingdom","GB","GBR",2011,31886000,42791.0934313474,0.851437739020326,99.9115263730598,63258810
"United Kingdom","GB","GBR",2012,32221000,43136.7006795996,1.52826034721852,103.536510963066,63711000
"United Kingdom","GB","GBR",2013,33567000,43585.8731772281,1.71846961308464,102.141020606512,64138000
"United Kingdom","GB","GBR",2014,35337000,44628.5724578217,3.16017351468152,108.751370150057,64619000
"United Kingdom","GB","GBR",2015,36792000,45256.040227057,2.14040560033371,113.724833704934,65087000
"United Kingdom","GB","GBR",2016,39129000,45888.7099614563,2.20652020635357,102.480200416904,65606000
"United Kingdom","GB","GBR",2017,41080000,47019.4510419999,3.02322219840339,97.2944162327363,65964000
"United Kingdom","GB","GBR",2018,40283000,47516.2099770322,1.55133095078786,98.9866449244651,66287000
"United Kingdom","GB","GBR",2019,40857000,47866.9140354078,1.25629899760824,98.5110469715483,66628000
"United Kingdom","GB","GBR",2020,11101000,42985.0392148248,-10.047896637362,98.7017651378779,66740000
"United States","US","USA",1995,79732000,41710.8207256668,2.68443073970295,100.457375764842,266278000
"United States","US","USA",1996,82756000,42783.8165724095,3.77277269047364,103.548460165132,269394000
"United States","US","USA",1997,82525000,44151.6860410035,4.44712793442667,108.624410458402,272657000
"United States","US","USA",1998,74767000,45596.4306879224,4.48313335499124,116.309755803476,275854000
"United States","US","USA",1999,75796000,47234.2455290381,4.78842504836746,115.175330301751,279040000
"United States","US","USA",2000,78343000,48616.2546282435,4.07758575997799,118.969363979504,282162411
"United States","US","USA",2001,70975000,48597.4246124122,0.955538337599847,125.63656390646,284968955
"United States","US","USA",2002,64434000,48967.3661217576,1.70044733078285,125.423335561389,287625193
"United States","US","USA",2003,62082000,49905.5233080788,2.79560596378604,117.701052873655,290107933
"United States","US","USA",2004,67606000,51348.3473386025,3.84777169267127,112.22703580483,292805298
"United States","US","USA",2005,71484000,52649.5713060461,3.48354993710312,110.688608732034,295516599
"United States","US","USA",2006,183178000,53596.315236412,2.78453963674239,109.751444376983,298379912
"United States","US","USA",2007,175299000,54152.8292673551,2.0038583039496,104.790008529589,301231207
"United States","US","USA",2008,175703000,53703.962897927,0.113587247501258,100.307558261519,304093966
"United States","US","USA",2009,160508000,51863.6183416558,-2.5765002366652,104.543021449134,306771529
"United States","US","USA",2010,162275000,52812.6829869279,2.69519258673525,100,309378227
"United States","US","USA",2011,147271421.875,53215.5362314388,1.56440685205419,95.0874734816703,311839461
"United States","US","USA",2012,171629890.625,54000.8410778217,2.28911339009767,97.4818933906182,314339099
"United States","US","USA",2013,179309906.25,54728.860179812,2.11783009443471,97.6106052417747,316726282
"United States","US","USA",2014,178311359.375,55665.2411187802,2.52381981757846,99.2042982625585,319257560
"United States","US","USA",2015,176864531.25,56849.4697923159,2.94555045227337,109.838718091848,321815121
"United States","US","USA",2016,175261484.375,57430.8499298804,1.81945147909089,114.531371490463,324353340
"United States","US","USA",2017,174291750,58435.9707535619,2.45762230126449,114.330003458922,326608609
"United States","US","USA",2018,169324921.875,59817.6556798612,2.96650506701943,113.155364873356,328529577
"United States","US","USA",2019,165478000,61047.9648238812,2.58382533052225,116.341572079931,330226227
"United States","US","USA",2020,45037000,59533.609024416,-2.081375977796,117.897291311786,331578104
